{
  "project_info": {
    "project_number": "195329968563",
    "firebase_url": "https://classmate-a8d4c.firebaseio.com",
    "project_id": "classmate-a8d4c",
    "storage_bucket": "classmate-a8d4c.appspot.com"
  },
  "client": [
    {
      "client_info": {
        "mobilesdk_app_id": "1:195329968563:android:669ee599ff9d81fb8663c6",
        "android_client_info": {
          "package_name": "com.example.classmate"
        }
      },
      "oauth_client": [
        {
          "client_id": "195329968563-3ht0aoh0p5tkcgio4sajqmu1ls6lu48h.apps.googleusercontent.com",
          "client_type": 1,
          "android_info": {
            "package_name": "com.example.classmate",
            "certificate_hash": "42b85b6a984d10382ba63dd35edec628148e3a8f"
          }
        },
        {
          "client_id": "195329968563-tfcjieuko8plfjb5kms0e4ebq5b7dj2e.apps.googleusercontent.com",
          "client_type": 1,
          "android_info": {
            "package_name": "com.example.classmate",
            "certificate_hash": "832dc3f689843dce74b10e54fb72d30787a251e1"
          }
        },
        {
          "client_id": "195329968563-93pdsdlbq5o1pfd6l8i2513o8oujfnmi.apps.googleusercontent.com",
          "client_type": 3
        }
      ],
      "api_key": [
        {
          "current_key": "AIzaSyAv1xj3tdUtwZNQM_mMVldHfjM_A_cY6E4"
        }
      ],
      "services": {
        "appinvite_service": {
          "other_platform_oauth_client": [
            {
              "client_id": "195329968563-93pdsdlbq5o1pfd6l8i2513o8oujfnmi.apps.googleusercontent.com",
              "client_type": 3
            }
          ]
        }
      }
    }
  ],
  "configuration_version": "1"
}